Sky Ref Number,Outlet Type,Food Offering,BT Sports Pub,Preferential Sports,Number of TVs,Carling,Molson Coors
102864900004,,,No,,1,Yes,PL Pub - Core
180758900004,,,Yes,,1,No,PL Pub - Core
103641700004,working men's club,everyday traditional,No,,1,Yes,PL Pub - Core
134581100004,local pub wet led,fine dining,Yes,,1,Yes,PL Pub - Upweighted
185514500004,,,No,,1,Yes,PL Pub - Core
184339100004,,,Yes,,1,Yes,PL Pub - Core
100814200004,,,No,,1,Yes,PL Pub - Core
103989200004,other sports club,bar and kitchen,No,,1,Yes,PL Pub - Core
100011800011,,,No,,1,No,PL Pub - Core
184420500004,local pub wet led,everyday traditional,No,,1,Yes,PL Pub - Core
184044100004,local pub wet led,everyday traditional,No,,1,Yes,PL Pub - Core
107139900004,,,No,,1,No,PL Pub - Core
180449800004,,,Yes,,1,Yes,PL Pub - Core
136848600004,hotel,everyday traditional,Yes,,1,Yes,PL Pub - Core
100569000004,,,No,,1,Yes,PL Pub - Core
100105200004,working men's club,everyday traditional,No,,1,Yes,PL Pub - Core
111728800004,,,No,,1,Yes,PL Pub - Core
101678500004,local pub dry led,everyday traditional,No,,1,Yes,PL Pub - Core
186032400004,,,No,,1,No,PL Pub - Core
186315800004,,,No,,1,No,PL Pub - Core
184063200004,,,No,,1,Yes,PL Pub - Core
103742500004,,,No,,1,Yes,PL Pub - Core
104848800004,,,No,,1,Yes,PL Pub - Core
185983800004,,,Yes,,1,Yes,PL Pub - Upweighted
102504600004,,,No,,1,Yes,PL Pub - Core
100667900004,,,No,,1,Yes,PL Pub - Core
186271800004,,,No,,1,No,PL Pub - Core
183075400004,,,No,,1,Yes,PL Pub - Core
104825300004,,,No,,1,Yes,PL Pub - Core
102996700004,gastro pub,bar and kitchen,Yes,,1,Yes,PL Pub - Core
105269800004,working men's club,everyday traditional,No,,1,Yes,PL Pub - Core
185277800004,,,No,,1,Yes,PL Pub - Core
137610000004,,,No,,1,Yes,PL Pub - Core
103027400004,,,Yes,,1,Yes,PL Pub - Core
184630200004,,,No,,1,No,PL Pub - Core
184384300004,,,No,,1,No,PL Pub - Core
102341600004,other sports club,everyday traditional,No,,1,Yes,PL Pub - Core
142372300004,,,No,,1,No,PL Pub - Core
186009200004,,,No,,1,No,PL Pub - Core
104374700004,,,No,,1,Yes,PL Pub - Core
119342500004,high street bar,everyday traditional,No,,1,Yes,PL Pub - Core
181431200004,,,Yes,,1,Yes,PL Pub - Gold
102363300004,,,Yes,,1,Yes,PL Pub - Core
185357100004,,,No,,1,No,PL Pub - Core
180819200004,,,No,,1,Yes,PL Pub - Core
100858400004,,,No,,1,No,PL Pub - Core
185875500004,,,Yes,,1,Yes,PL Pub - Core
102404200004,,,Yes,,1,Yes,PL Pub - Core
180843500004,,,No,,1,Yes,PL Pub - Core
186448700004,,,No,,1,No,PL Pub - Upweighted
104968100004,,,No,,1,No,PL Pub - Core
134843200004,,,No,,1,No,PL Pub - Upweighted
101443300004,,,No,,1,Yes,PL Pub - Core
100997700004,,,No,,1,No,PL Pub - Core
133431000004,restaurant,everyday traditional,Yes,,1,Yes,PL Pub - Core
181564300004,other sports club,everyday traditional,No,,1,Yes,PL Pub - Core
184212600004,,,No,,1,Yes,PL Pub - Core
101243800004,working men's club,everyday traditional,No,,1,Yes,PL Pub - Core
141678800004,local pub wet led,everyday traditional,Yes,,1,Yes,PL Pub - Core
181434700004,,,No,,1,Yes,PL Pub - Core
101249600004,,,No,,1,No,PL Pub - Core
102315200004,,,No,,1,No,PL Pub - Core
105981500004,,,No,,1,No,PL Pub - Core
119205000004,,,Yes,,1,Yes,PL Pub - Core
184318700004,hotel,everyday traditional,No,,1,Yes,PL Pub - Core
181514100004,local pub dry led,everyday traditional,Yes,,1,Yes,PL Pub - Core
182803300004,restaurant,bar and kitchen,No,,1,Yes,PL Pub - Core
182191800004,other sports club,everyday traditional,No,,1,Yes,PL Pub - Core
105529600004,,,No,,1,No,PL Pub - Core
183847500004,,,No,,1,Yes,PL Pub - Core
104093200004,other sports club,bar and kitchen,Yes,,1,Yes,PL Pub - Core
100137000004,,,No,,1,Yes,PL Pub - Core
105140300004,,,No,,1,Yes,PL Pub - Core
180126200004,,,No,,1,Yes,PL Pub - Core
180432700004,,,No,,1,No,PL Pub - Core
186005700004,,,Yes,,1,Yes,PL Pub - Core
180872000004,,,No,,1,Yes,PL Pub - Core
101840500004,,,No,,1,No,PL Pub - Core
183589800004,upmarket bar,everyday traditional,No,,1,Yes,PL Pub - Core
106290700004,,,Yes,,1,Yes,PL Pub - Core
185909500004,,,No,,1,Yes,PL Pub - Core
105378400004,,,Yes,,1,Yes,PL Pub - Core
103347400004,,,Yes,,1,Yes,PL Pub - Core
184174500004,,,No,,1,No,PL Pub - Core
103029500004,,,No,,1,Yes,PL Pub - Core
103041800004,other sports club,everyday traditional,No,,1,Yes,PL Pub - Core
105338800004,,,No,,1,No,PL Pub - Core
186354200004,,,No,,1,No,PL Pub - Core
100329700004,working men's club,everyday traditional,No,,1,Yes,PL Pub - Core
100644500004,,,No,,1,No,PL Pub - Core
105288900004,golf club,bar and kitchen,No,,1,No,PL Pub - Core
186390500004,,,No,,1,No,PL Pub - Core
186322000004,,,No,,1,No,PL Pub - Core
183478400029,,,No,,1,No,PL Pub - Core
183478400004,,,Yes,,1,No,PL Pub - Core
183478400021,,,Yes,,1,No,PL Pub - Core
181184300047,hotel,everyday traditional,No,,1,No,PL Pub - Core
183478400009,,,Yes,,1,No,PL Pub - Core
100173600004,,,No,,1,No,PL Pub - Core
104063100004,local pub wet led,everyday traditional,Yes,,1,Yes,PL Pub - Core
186236000004,,,No,,1,No,PL Pub - Core
103614500004,working men's club,everyday traditional,No,,1,Yes,PL Pub - Core
103728000004,,,No,,1,No,PL Pub - Core
104013800004,,,No,,1,Yes,PL Pub - Core
101482600004,,,No,,1,No,PL Pub - Upweighted
130864300004,hotel,bar and kitchen,No,,1,Yes,PL Pub - Core
181184300023,local pub dry led,bar and kitchen,No,,1,Yes,PL Pub - Core
105388700004,local pub wet led,everyday traditional,Yes,,1,Yes,PL Pub - Core
101223600004,,,Yes,,1,Yes,PL Pub - Core
102902200004,,,No,,1,Yes,PL Pub - Core
185959900004,,,No,,1,No,PL Pub - Core
103120800004,,,Yes,,1,No,PL Pub - Core
186035100004,,,No,,1,No,PL Pub - Core
100930600004,,,Yes,,1,Yes,PL Pub - Core
101245300004,,,Yes,,1,Yes,PL Pub - Core
105433200004,,,No,,1,No,PL Pub - Core
182104000004,,,No,,1,No,PL Pub - Core
137473300004,,,No,,1,No,PL Pub - Core
104975000004,,,No,,1,No,PL Pub - Core
100279300004,local pub dry led,everyday traditional,Yes,,1,Yes,PL Pub - Core
182800500038,unknown,,Yes,,1,Yes,PL Pub - Core
182084000004,,,Yes,,1,Yes,PL Pub - Core
104352300004,other sports club,bar and kitchen,No,,1,Yes,PL Pub - Core
183002500004,,,No,,1,Yes,PL Pub - Core
184363600004,,,Yes,,1,Yes,PL Pub - Upweighted
183993700004,,,Yes,,1,Yes,PL Pub - Core
180359800004,,,Yes,,1,Yes,PL Pub - Core
101854400004,restaurant,everyday traditional,No,,1,No,PL Pub - Core
101790700004,,,Yes,,1,Yes,PL Pub - Core
121777600004,other sports club,everyday traditional,No,,1,Yes,PL Pub - Core
100988100004,,,No,,1,Yes,PL Pub - Core
180849500004,,,No,,1,Yes,PL Pub - Core
185452200004,,,Yes,,1,Yes,PL Pub - Core
141061700004,,,No,,1,No,PL Pub - Core
183478400036,,,No,,1,No,PL Pub - Core
183989500004,,,Yes,,1,Yes,PL Pub - Core
183722900004,upmarket bar,everyday traditional,No,,1,Yes,PL Pub - Core
180259600004,,,No,,1,Yes,PL Pub - Core
182625800004,,,Yes,,1,Yes,PL Pub - Core
136510300004,local pub wet led,everyday traditional,No,,1,Yes,PL Pub - Core
180381800004,,,No,,1,Yes,PL Pub - Core
105975200004,,,No,,1,Yes,PL Pub - Core
104185400004,,,No,,1,No,PL Pub - Core
101283900004,golf club,bar and kitchen,No,,1,Yes,PL Pub - Core
185475000004,,,No,,1,Yes,PL Pub - Core
180527400004,hotel,everyday traditional,Yes,,1,Yes,PL Pub - Core
104971300004,,,No,,1,Yes,PL Pub - Core
186587400004,,,No,,1,No,PL Pub - Core
181333800004,,,No,,1,Yes,PL Pub - Core
101580700004,,,No,,1,No,PL Pub - Core
104941000004,,,No,,1,No,PL Pub - Core
105300500004,,,Yes,,1,Yes,PL Pub - Core
100113200004,,,No,,1,No,PL Pub - Core
102432800004,,,No,,1,No,PL Pub - Core
102650500004,,,No,,1,Yes,PL Pub - Core
101819900004,,,Yes,,1,Yes,PL Pub - Core
102484600004,,,No,,1,Yes,PL Pub - Core
183971900004,,,Yes,,1,Yes,PL Pub - Core
100162200004,,,No,,1,Yes,PL Pub - Core
105007600004,rugby club,everyday traditional,No,,1,Yes,PL Pub - Core
184020600004,,,No,,1,No,PL Pub - Core
104868300004,hotel,everyday traditional,No,,1,Yes,PL Pub - Core
102613200004,,,Yes,,1,Yes,PL Pub - Core
131092600004,,,No,,1,No,PL Pub - Core
102338400004,,,No,,1,Yes,PL Pub - Core
100076800004,,,No,,1,No,PL Pub - Core
180233200004,,,No,,1,No,PL Pub - Core
180345900004,,,No,,1,No,PL Pub - Core
136796100004,,,Yes,,1,Yes,PL Pub - Core
104234800004,,,No,,1,Yes,PL Pub - Core
103767900004,,,Yes,,1,Yes,PL Pub - Core
180230300004,,,No,,1,No,PL Pub - Core
100633200004,,,No,,1,Yes,PL Pub - Core
101339800004,,,No,,1,Yes,PL Pub - Core
186560400004,,,No,,1,No,PL Pub - Core
101285000004,,,No,,1,Yes,PL Pub - Core
103639900004,,,No,,1,Yes,PL Pub - Core
183038200004,,,No,,1,Yes,PL Pub - Core
136188400004,,,No,,1,No,PL Pub - Core
181926800004,,,Yes,,1,No,PL Pub - Upweighted
184728400004,unknown,,Yes,,1,No,PL Pub - Core
184069600004,,,No,,1,Yes,PL Pub - Core
181173900021,local pub wet led,everyday traditional,Yes,,1,No,PL Pub - Core
104357400004,,,No,,1,No,PL Pub - Core
182686200004,,,No,,1,Yes,PL Pub - Core
103711800004,restaurant,everyday traditional,No,,1,Yes,PL Pub - Core
103652700004,,,No,,1,Yes,PL Pub - Core
103674500004,,,No,,1,Yes,PL Pub - Core
101123900004,,,No,,1,No,PL Pub - Core
181431600004,,,Yes,,1,Yes,PL Pub - Core
182815700004,,,No,,1,No,PL Pub - Core
185804000004,,,Yes,,1,Yes,PL Pub - Core
184237800004,local pub wet led,everyday traditional,Yes,,1,No,PL Pub - Core
103358200004,,,No,,1,Yes,PL Pub - Core
141803500004,,,No,,1,Yes,PL Pub - Core
105585800004,,,Yes,,1,Yes,PL Pub - Core
183983400004,,,No,,1,No,PL Pub - Core
103068500004,,,No,,1,Yes,PL Pub - Core
103731400004,local pub dry led,everyday traditional,No,,1,No,PL Pub - Core
182800500054,unknown,,Yes,,1,No,PL Pub - Core
105307300004,,,No,,1,Yes,PL Pub - Core
184369800004,,,No,,1,Yes,PL Pub - Core
104806800004,,,No,,1,Yes,PL Pub - Core
101250300004,,,Yes,,1,Yes,PL Pub - Core
180404700004,hotel,bar and kitchen,No,,1,Yes,PL Pub - Upweighted
182223100004,local pub dry led,everyday traditional,No,,1,Yes,PL Pub - Core
184077400004,other sports club,bar and kitchen,No,,1,Yes,PL Pub - Core
183862700004,,,Yes,,1,Yes,PL Pub - Core
109213200004,,,Yes,,1,No,PL Pub - Core
103664100004,,,No,,1,No,PL Pub - Core
182619300004,,,Yes,,1,No,PL Pub - Core
184575000004,unknown,,Yes,,1,No,PL Pub - Core
180923700004,,,No,,1,Yes,PL Pub - Core
100640000004,,,No,,1,No,PL Pub - Core
111889700004,restaurant,everyday traditional,Yes,,1,Yes,PL Pub - Core
185582200004,,,No,,1,Yes,PL Pub - Core
185156200004,,,Yes,,1,Yes,PL Pub - Core
186212300004,,,No,,1,No,PL Pub - Core
185926000004,local pub dry led,everyday traditional,No,,1,No,PL Pub - Core
103636400004,,,No,,1,Yes,PL Pub - Core
128945900004,,,No,,1,No,PL Pub - Upweighted
183131100004,,,Yes,,1,Yes,PL Pub - Core
142415700004,upmarket bar,everyday traditional,Yes,,1,Yes,PL Pub - Core
102194100004,,,Yes,,1,Yes,PL Pub - Core
183824900004,other sports club,bar and kitchen,Yes,,1,Yes,PL Pub - Core
184205900004,,,No,,1,Yes,PL Pub - Core
185498100004,working men's club,bar snacks,No,,1,Yes,PL Pub - Core
103640400004,,,No,,1,No,PL Pub - Core
183961400004,,,Yes,,1,Yes,PL Pub - Core
105607300004,,,Yes,,1,Yes,PL Pub - Core
184699000004,,,No,,1,No,PL Pub - Core
110834600004,,,Yes,,1,Yes,PL Pub - Core
185038000004,,,Yes,,1,Yes,PL Pub - Core
184969800004,,,No,,1,No,PL Pub - Core
100155700004,high street bar,everyday traditional,No,,1,Yes,PL Pub - Core
104328200004,,,No,,1,Yes,PL Pub - Core
102406300004,,,Yes,,1,Yes,PL Pub - Core
183659800004,,,Yes,,1,Yes,PL Pub - Gold
184188200004,,,No,,1,No,PL Pub - Core
100549400004,,,No,,1,Yes,PL Pub - Core
103171600004,,,No,,1,Yes,PL Pub - Core
186357700004,,,No,,1,No,PL Pub - Core
186357500004,,,No,,1,No,PL Pub - Core
102469300004,,,No,,1,No,PL Pub - Core
141332700004,,,No,,1,No,PL Pub - Core
186504700004,,,No,,1,No,PL Pub - Core
103118700004,,,No,,1,Yes,PL Pub - Core
100284900004,,,Yes,,1,Yes,PL Pub - Upweighted
110833400004,,,No,,1,Yes,PL Pub - Core
185928600004,local pub dry led,everyday traditional,Yes,,1,Yes,PL Pub - Core
180763800004,,,No,,1,No,PL Pub - Core
100022500267,,,No,,1,No,PL Pub - Core
102432500004,local pub wet led,everyday traditional,No,,1,Yes,PL Pub - Core
184168500004,,,No,,1,No,PL Pub - Core
104746300004,,,No,,1,Yes,PL Pub - Core
106991100004,,,No,,1,Yes,PL Pub - Core
105359300004,,,No,,1,No,PL Pub - Core
100115600004,hotel,bar and kitchen,No,,1,Yes,PL Pub - Core
103067400004,,,No,,1,No,PL Pub - Core
105917300004,local pub wet led,bar and kitchen,No,,1,Yes,PL Pub - Core
183345900004,,,Yes,,1,Yes,PL Pub - Core
180186900004,hotel,bar and kitchen,No,,1,No,PL Pub - Core
128179900004,upmarket bar,bar and kitchen,No,,1,Yes,PL Pub - Core
100690200004,golf club,everyday traditional,No,,1,Yes,PL Pub - Core
102586500004,,,No,,1,Yes,PL Pub - Core
104984400004,golf club,bar snacks,No,,1,Yes,PL Pub - Core
105387600004,,,No,,1,Yes,PL Pub - Core
184579900004,,,No,,1,No,PL Pub - Core
186012600004,local pub wet led,everyday traditional,Yes,,1,Yes,PL Pub - Core
181313500004,,,Yes,,1,Yes,PL Pub - Core
137427600004,hotel,everyday traditional,No,,1,Yes,PL Pub - Core
142627300004,,,Yes,,1,Yes,PL Pub - Core
100637900004,local pub wet led,everyday traditional,Yes,,1,Yes,PL Pub - Core
184610600004,high street bar,everyday traditional,No,,1,Yes,PL Pub - Core
134806300004,,,Yes,,1,Yes,PL Pub - Core
186179900004,,,No,,1,No,PL Pub - Core
110532800004,hotel,bar and kitchen,No,,1,Yes,PL Pub - Core
184249800004,,,Yes,,1,Yes,PL Pub - Core
100804600004,,,Yes,,1,Yes,PL Pub - Core
100196300004,,,Yes,,1,Yes,PL Pub - Core
100901200004,,,Yes,,1,No,PL Pub - Core
104223200004,local pub dry led,everyday traditional,No,,1,Yes,PL Pub - Core
100056200083,,,No,,1,Yes,PL Pub - Core
185474800004,,,Yes,,1,Yes,PL Pub - Core
104989100004,hotel,everyday traditional,No,,1,Yes,PL Pub - Core
104292600004,,,No,,1,No,PL Pub - Core
184051000004,,,No,,1,Yes,PL Pub - Core
184183200004,,,No,,1,Yes,PL Pub - Core
180855100004,,,No,,1,No,PL Pub - Core
182649600004,,,No,,1,Yes,PL Pub - Core
181184300005,hotel,everyday traditional,Yes,,1,Yes,PL Pub - Core
103406400004,,,No,,1,No,PL Pub - Core
181184300044,local pub wet led,everyday traditional,No,,1,No,PL Pub - Core
104085400004,,,No,,1,Yes,PL Pub - Core
101627800004,,,No,,1,Yes,PL Pub - Core
183865800019,,,No,,1,Yes,PL Pub - Core
102384100004,,,No,,1,Yes,PL Pub - Core
180849800004,unknown,,No,,1,Yes,PL Pub - Core
102486300004,,,No,,1,Yes,PL Pub - Core
182759300004,,,No,,1,Yes,PL Pub - Core
185298900004,,,No,,1,Yes,PL Pub - Core
105393100004,,,Yes,,1,Yes,PL Pub - Core
181184300049,local pub wet led,everyday traditional,No,,1,No,PL Pub - Core
103681300004,,,No,,1,No,PL Pub - Core
103044800004,,,No,,1,Yes,PL Pub - Core
186542900004,,,No,,1,No,PL Pub - Core
105412600004,,,Yes,,1,Yes,PL Pub - Upweighted
184179900004,,,No,,1,No,PL Pub - Core
101837800004,working men's club,everyday traditional,No,,1,Yes,PL Pub - Core
184182600004,,,Yes,,1,Yes,PL Pub - Core
185537800004,,,No,,1,Yes,PL Pub - Core
103082800004,,,No,,1,No,PL Pub - Core
185097200004,,,Yes,,1,Yes,PL Pub - Core
184628400004,,,No,,1,No,PL Pub - Core
186008800004,,,No,,1,Yes,PL Pub - Core
120719100004,,,Yes,,1,No,PL Pub - Core
103617200004,,,No,,1,Yes,PL Pub - Core
102975200004,,,No,,1,Yes,PL Pub - Core
183865800018,,,No,,1,No,PL Pub - Core
182726000004,,,No,,1,No,PL Pub - Core
183865800016,,,No,,1,No,PL Pub - Core
181184300008,local pub wet led,everyday traditional,No,,1,Yes,PL Pub - Core
183865800014,,,Yes,,1,Yes,PL Pub - Core
183865800021,unknown,,Yes,,1,No,PL Pub - Core
183865800006,,,No,,1,Yes,PL Pub - Core
105395600004,,,No,,1,Yes,PL Pub - Core
100106000004,,,No,,1,Yes,PL Pub - Core
183865800011,,,Yes,,1,No,PL Pub - Core
183865800010,,,Yes,,1,No,PL Pub - Core
183865800013,,,No,,1,No,PL Pub - Core
105174900004,,,No,,1,Yes,PL Pub - Core
185061800004,,,Yes,,1,Yes,PL Pub - Core
183865800007,,,No,,1,No,PL Pub - Core
184594900004,,,No,,1,Yes,PL Pub - Core
100025000054,,,No,,1,No,PL Pub - Core
134971800004,hotel,everyday traditional,Yes,,1,Yes,PL Pub - Core
105642000004,,,Yes,,1,Yes,PL Pub - Core
182527400004,,,No,,1,Yes,PL Pub - Core
101201400004,,,No,,1,Yes,PL Pub - Core
103035400004,,,No,,1,Yes,PL Pub - Core
139354500004,,,No,,1,No,PL Pub - Core
124917200004,,,No,,1,No,PL Pub - Core
186217100004,,,No,,1,No,PL Pub - Upweighted
110809300004,,,No,,1,Yes,PL Pub - Core
180770000004,,,Yes,,1,Yes,PL Pub - Core
180781600004,,,Yes,,1,Yes,PL Pub - Core
185856000004,,,Yes,,1,Yes,PL Pub - Core
181930600004,,,Yes,,1,Yes,PL Pub - Core
185777400004,,,No,,1,Yes,PL Pub - Core
182676700004,,,No,,1,No,PL Pub - Core
183213200004,,,No,,1,Yes,PL Pub - Core
182755500004,,,Yes,,1,Yes,PL Pub - Core
185981100004,,,No,,1,Yes,PL Pub - Core
132427300004,local pub dry led,everyday traditional,No,,1,Yes,PL Pub - Core
184073500004,hotel,everyday traditional,No,,1,Yes,PL Pub - Core
106381500004,,,No,,1,Yes,PL Pub - Upweighted
100677300004,,,No,,1,No,PL Pub - Core
181191800004,local pub wet led,everyday traditional,Yes,,1,Yes,PL Pub - Core
180507300004,,,No,,1,Yes,PL Pub - Core
101839400004,,,No,,1,Yes,PL Pub - Core
186405900004,,,No,,1,No,PL Pub - Core
186146100004,,,No,,1,No,PL Pub - Core
180211700004,,,Yes,,1,No,PL Pub - Core
183478400024,,,Yes,,1,Yes,PL Pub - Core
184980300004,,,No,,1,No,PL Pub - Core
102650400004,,,No,,1,Yes,PL Pub - Core
100635000004,,,No,,1,Yes,PL Pub - Core
101260100004,working men's club,everyday traditional,No,,1,Yes,PL Pub - Core
102403300004,,,Yes,,1,Yes,PL Pub - Core
182531200004,,,Yes,,1,Yes,PL Pub - Core
183865800015,high street bar,everyday traditional,Yes,,1,Yes,PL Pub - Core
183961800004,,,No,,1,Yes,PL Pub - Core
105504100004,,,No,,1,Yes,PL Pub - Core
185324200004,,,No,,1,Yes,PL Pub - Core
186405100004,,,No,,1,No,PL Pub - Core
109501200004,,,No,,1,Yes,PL Pub - Upweighted
186001400004,,,No,,1,No,PL Pub - Core
180505700004,,,No,,1,No,PL Pub - Core
183478400039,,,No,,1,No,PL Pub - Core
103654100004,,,Yes,,1,Yes,PL Pub - Core
182148800004,hotel,bar and kitchen,Yes,,1,Yes,PL Pub - Core
102991300004,,,Yes,,1,Yes,PL Pub - Core
184691700004,,,No,,1,No,PL Pub - Core
185401400004,,,No,,1,Yes,PL Pub - Core
183478400026,,,Yes,,1,No,PL Pub - Core
182060500004,,,No,,1,No,PL Pub - Core
114649500004,,,Yes,,1,Yes,PL Pub - Core
182800500060,unknown,,Yes,,1,Yes,PL Pub - Core
182293800004,local pub dry led,bar and kitchen,No,,1,Yes,PL Pub - Core
182986300004,,,Yes,,1,Yes,PL Pub - Core
109654900004,,,No,,1,Yes,PL Pub - Core
103043800004,,,No,,1,Yes,PL Pub - Core
186158900004,,,No,,1,No,PL Pub - Core
182117900004,,,No,,1,Yes,PL Pub - Core
183744400004,,,Yes,,1,Yes,PL Pub - Core
136425000004,,,Yes,,1,Yes,PL Pub - Core
103175800004,,,No,,1,Yes,PL Pub - Core
135893300004,,,No,,1,Yes,PL Pub - Core
102269600004,other venue,everyday traditional,No,,1,Yes,PL Pub - Core
186119100004,,,No,,1,No,PL Pub - Upweighted
101540200004,,,Yes,,1,No,PL Pub - Core
183612700004,,,Yes,,1,No,PL Pub - Core
100280600004,,,Yes,,1,Yes,PL Pub - Core
182800500056,,,No,,1,No,PL Pub - Core
100638700004,,,No,,1,Yes,PL Pub - Upweighted
180817500004,,,No,,1,Yes,PL Pub - Core
184370100004,high street bar,everyday traditional,Yes,,1,Yes,PL Pub - Core
182847300004,,,No,,1,No,PL Pub - Core
185561700004,,,No,,1,No,PL Pub - Core
184171100004,local pub dry led,everyday traditional,No,,1,Yes,PL Pub - Core
185949000004,,,No,,1,No,PL Pub - Gold
186266700004,,,No,,1,No,PL Pub - Core
185819600004,,,No,,1,No,PL Pub - Core
180908300423,,,No,,1,No,PL Pub - Core
182328000004,local pub wet led,everyday traditional,No,,1,Yes,PL Pub - Core
186152900004,,,No,,1,No,PL Pub - Upweighted
139257700004,,,No,,1,No,PL Pub - Core
183860300004,,,Yes,,1,No,PL Pub - Core
185463100004,,,No,,1,Yes,PL Pub - Upweighted
115695600004,,,No,,1,No,PL Pub - Core
183859400004,local pub dry led,everyday traditional,Yes,,1,Yes,PL Pub - Upweighted
183860700004,,,Yes,,1,Yes,PL Pub - Upweighted
185327800004,,,No,,1,No,PL Pub - Core
186365300004,,,No,,1,No,PL Pub - Core
183170100004,,,Yes,,1,Yes,PL Pub - Core
186330900004,,,No,,1,No,PL Pub - Core
186519900004,,,No,,1,No,PL Pub - Core
186454200004,,,No,,1,No,PL Pub - Upweighted
102657600004,,,No,,1,Yes,PL Pub - Core
102917100004,,,No,,1,Yes,PL Pub - Core
186293500004,,,No,,1,No,PL Pub - Core
185771300004,,,No,,1,Yes,PL Pub - Core
182836800004,hotel,everyday traditional,Yes,,1,No,PL Pub - Core
182316700004,,,No,,1,No,PL Pub - Core
182526300004,,,No,,1,Yes,PL Pub - Core
181353700004,,,No,,1,No,PL Pub - Core
102436400004,,,No,,1,Yes,PL Pub - Core
183179400004,,,No,,1,No,PL Pub - Upweighted
100775400004,,,No,,1,Yes,PL Pub - Core
100013000351,,,No,,1,No,PL Pub - Gold
182800500040,,,No,,1,No,PL Pub - Core
185309400004,,,No,,1,Yes,PL Pub - Core
184839700004,local pub wet led,bar snacks,No,,1,Yes,PL Pub - Core
116564900004,,,No,,1,Yes,PL Pub - Core
185360800004,,,Yes,,1,Yes,PL Pub - Core
100215000004,,,No,,1,Yes,PL Pub - Core
105701300004,,,No,,1,Yes,PL Pub - Core
183142200004,,,No,,1,Yes,PL Pub - Core
100011700105,,,Yes,,1,No,PL Pub - Gold
139264300004,,,No,,1,Yes,PL Pub - Core
136597800004,,,No,,1,Yes,PL Pub - Core
101727400004,,,No,,1,Yes,PL Pub - Core
137098300004,,,No,,1,Yes,PL Pub - Core
103258500004,,,No,,1,Yes,PL Pub - Core
140041100004,,,No,,1,Yes,PL Pub - Core
102174200004,,,No,,1,Yes,PL Pub - Core
186032600004,,,No,,1,No,PL Pub - Core
185871900004,,,No,,1,No,PL Pub - Core
184066800004,,,Yes,,1,Yes,PL Pub - Core
132336500004,,,No,,1,No,PL Pub - Core
103501000004,,,No,,1,No,PL Pub - Core
101071700004,golf club,fine dining,No,,1,Yes,PL Pub - Core
109374000004,golf club,bar and kitchen,No,,1,Yes,PL Pub - Core
104668200004,golf club,bar and kitchen,No,,1,Yes,PL Pub - Core
102996000004,,,No,,1,No,PL Pub - Core
186257700004,,,No,,1,No,PL Pub - Core
101189800004,,,No,,1,Yes,PL Pub - Core
186027500004,,,No,,1,No,PL Pub - Core
182252700004,,,No,,1,Yes,PL Pub - Core
102358900004,,,Yes,,1,Yes,PL Pub - Core
180740300004,,,No,,1,Yes,PL Pub - Core
101650900004,,,No,,1,Yes,PL Pub - Core
183890600004,hotel,everyday traditional,No,,1,Yes,PL Pub - Core
102475300004,,,No,,1,Yes,PL Pub - Core
100607400004,,,No,,1,Yes,PL Pub - Core
136156200004,,,No,,1,No,PL Pub - Core
101273800004,,,No,,1,Yes,PL Pub - Core
184712500004,hotel,everyday traditional,No,,1,No,PL Pub - Core
103374200004,,,No,,1,No,PL Pub - Core
183846100004,hotel,everyday traditional,Yes,,1,Yes,PL Pub - Core
102515300004,,,No,,1,Yes,PL Pub - Core
103118200004,,,No,,1,No,PL Pub - Core
180949000004,hotel,bar and kitchen,Yes,,1,Yes,PL Pub - Core
183865800008,,,Yes,,1,No,PL Pub - Core
183865800012,,,No,,1,No,PL Pub - Core
186319800004,,,No,,1,No,PL Pub - Core
182611900004,,,Yes,,1,Yes,PL Pub - Core
183478400013,,,No,,1,Yes,PL Pub - Core
104848200004,,,No,,1,Yes,PL Pub - Core
181184300058,,,No,,1,No,PL Pub - Core
101328100004,,,No,,1,Yes,PL Pub - Core
100470300004,local pub wet led,everyday traditional,No,,1,Yes,PL Pub - Core
105643900004,cricket club,everyday traditional,No,,1,Yes,PL Pub - Core
105705200004,,,No,,1,No,PL Pub - Core
182573300004,,,Yes,,1,Yes,PL Pub - Core
183478400022,local pub wet led,everyday traditional,Yes,,1,Yes,PL Pub - Core
181184300043,local pub wet led,everyday traditional,Yes,,1,Yes,PL Pub - Core
182135100004,,,No,,1,Yes,PL Pub - Core
186008600004,,,No,,1,No,PL Pub - Core
105434900004,,,No,,1,No,PL Pub - Core
180748200004,,,No,,1,Yes,PL Pub - Core
180152000004,,,No,,1,No,PL Pub - Core
112271900004,,,No,,1,No,PL Pub - Core
101886500004,golf club,everyday traditional,No,,1,Yes,PL Pub - Core
105032000004,,,Yes,,1,Yes,PL Pub - Core
101262100004,,,No,,1,Yes,PL Pub - Core
104923000004,,,Yes,,1,Yes,PL Pub - Gold
185175700004,,,No,,1,No,PL Pub - Core
181322800004,local pub wet led,everyday traditional,No,,1,Yes,PL Pub - Core
101969200004,,,No,,1,Yes,PL Pub - Core
136875400004,,,Yes,,1,Yes,PL Pub - Core
102514200004,,,No,,1,Yes,PL Pub - Core
103042600004,other venue,everyday traditional,No,,1,Yes,PL Pub - Core
102649700004,,,No,,1,No,PL Pub - Core
141756400004,other sports club,everyday traditional,Yes,,1,Yes,PL Pub - Core
183969700004,,,No,,1,Yes,PL Pub - Gold
186541600004,,,No,,1,No,PL Pub - Upweighted
104388800004,local pub wet led,everyday traditional,Yes,,1,Yes,PL Pub - Core
184590900004,local pub wet led,everyday traditional,Yes,,1,Yes,PL Pub - Core
100963300004,unknown,,Yes,,1,Yes,PL Pub - Core
185420800004,,,No,,1,Yes,PL Pub - Core
100035900178,,,No,,1,No,PL Pub - Core
185318300004,,,No,,1,Yes,PL Pub - Core
184066500004,upmarket bar,bar and kitchen,Yes,,1,Yes,PL Pub - Core
137260700004,,,No,,1,No,PL Pub - Gold
181273200025,,,No,,1,No,PL Pub - Core
182800500037,,,No,,1,No,PL Pub - Core
184448800004,,,No,,1,Yes,PL Pub - Core
182113200004,,,Yes,,1,Yes,PL Pub - Core
184539000004,,,No,,1,No,PL Pub - Core
105003400004,,,No,,1,Yes,PL Pub - Core
100149700004,,,No,,1,Yes,PL Pub - Core
186265900004,,,No,,1,No,PL Pub - Core
183840400004,,,Yes,,1,Yes,PL Pub - Core
100078000004,local pub wet led,everyday traditional,Yes,,1,No,PL Pub - Core
182800500020,,,Yes,,1,No,PL Pub - Core
103404200004,,,No,,1,No,PL Pub - Core
104951700004,,,No,,1,Yes,PL Pub - Core
105442200004,,,No,,1,Yes,PL Pub - Core
101323900004,working men's club,bar and kitchen,No,,1,Yes,PL Pub - Core
185807700004,,,No,,1,Yes,PL Pub - Core
185573400004,restaurant,bar and kitchen,Yes,,1,Yes,PL Pub - Core
181184300022,,,Yes,,1,Yes,PL Pub - Core
100277100004,,,No,,1,No,PL Pub - Core
182738500004,,,Yes,,1,Yes,PL Pub - Core
101842800004,,,No,,1,Yes,PL Pub - Core
101766200004,,,No,,1,Yes,PL Pub - Core
100536500004,,,Yes,,1,Yes,PL Pub - Core
181184300007,,,No,,1,Yes,PL Pub - Core
181184300053,local pub wet led,everyday traditional,Yes,,1,Yes,PL Pub - Core
180440400004,,,No,,1,Yes,PL Pub - Core
105538900004,,,No,,1,Yes,PL Pub - Core
102473100004,,,No,,1,No,PL Pub - Core
103111800004,,,No,,1,No,PL Pub - Core
181184300042,,,Yes,,1,Yes,PL Pub - Core
137001900004,,,No,,1,Yes,PL Pub - Core
183813800004,,,Yes,,1,Yes,PL Pub - Core
181184300019,,,Yes,,1,No,PL Pub - Core
184200000004,other venue,everyday traditional,No,,1,Yes,PL Pub - Core
118641600004,,,Yes,,1,Yes,PL Pub - Core
102907000004,,,No,,1,Yes,PL Pub - Core
181938000004,working men's club,everyday traditional,No,,1,Yes,PL Pub - Core
181184300046,,,Yes,,1,Yes,PL Pub - Core
181184300056,local pub wet led,everyday traditional,Yes,,1,Yes,PL Pub - Core
142678000004,,,No,,1,No,PL Pub - Core
183167900004,,,No,,1,Yes,PL Pub - Core
186495100004,,,No,,1,No,PL Pub - Core
104850500004,,,No,,1,Yes,PL Pub - Core
183020400004,,,No,,1,Yes,PL Pub - Core
100077600004,,,No,,1,Yes,PL Pub - Core
102943800004,,,No,,1,Yes,PL Pub - Core
105508300004,,,No,,1,Yes,PL Pub - Core
181184300051,local pub wet led,everyday traditional,Yes,,1,No,PL Pub - Core
103169600004,,,Yes,,1,No,PL Pub - Core
137384500004,,,Yes,,1,Yes,PL Pub - Core
131266200004,,,No,,1,Yes,PL Pub - Core
105043200004,,,Yes,,1,Yes,PL Pub - Core
100757500004,,,No,,1,Yes,PL Pub - Core
181184300050,local pub wet led,everyday traditional,Yes,,1,Yes,PL Pub - Core
184449100004,hotel,everyday traditional,No,,1,Yes,PL Pub - Core
101856200004,local pub wet led,everyday traditional,Yes,,1,No,PL Pub - Core
182485600004,local pub wet led,everyday traditional,Yes,,1,Yes,PL Pub - Core
100921200004,other venue,bar and kitchen,No,,1,Yes,PL Pub - Core
182638600004,,,No,,1,Yes,PL Pub - Core
184425900004,,,Yes,,1,Yes,PL Pub - Core
182295900004,,,No,,1,No,PL Pub - Core
185203600004,,,No,,1,No,PL Pub - Core
180150900004,local pub wet led,everyday traditional,No,,1,No,PL Pub - Core
140053000004,,,No,,1,No,PL Pub - Core
117156400004,,,No,,1,Yes,PL Pub - Core
102527400004,,,No,,1,No,PL Pub - Core
181491000004,,,No,,1,No,PL Pub - Core
184450600004,,,Yes,,1,Yes,PL Pub - Core
180556700004,,,Yes,,1,Yes,PL Pub - Core
180027400004,unknown,,Yes,,1,Yes,PL Pub - Core
185288300004,,,No,,1,No,PL Pub - Core
104227500004,unknown,,No,,1,Yes,PL Pub - Core
182230800004,working men's club,everyday traditional,No,,1,Yes,PL Pub - Core
183103400004,,,No,,1,Yes,PL Pub - Core
102944100004,,,No,,1,Yes,PL Pub - Core
180294000004,,,No,,1,No,PL Pub - Core
181312300004,,,No,,1,Yes,PL Pub - Core
184520700004,,,No,,1,Yes,PL Pub - Core
186134300004,,,No,,1,No,PL Pub - Core
183974500004,,,No,,1,No,PL Pub - Core
142489100004,,,No,,1,Yes,PL Pub - Core
184169500004,,,No,,1,No,PL Pub - Core
102736400004,,,No,,1,Yes,PL Pub - Core
185965400004,other venue,everyday traditional,No,,1,Yes,PL Pub - Core
183893000004,,,No,,1,Yes,PL Pub - Core
120686200004,local pub dry led,everyday traditional,No,,1,Yes,PL Pub - Core
180186100004,other sports club,everyday traditional,No,,1,Yes,PL Pub - Core
104828600004,,,No,,1,Yes,PL Pub - Core
185741400004,,,No,,1,Yes,PL Pub - Core
104357900004,,,Yes,,1,Yes,PL Pub - Core
105146400004,,,No,,1,Yes,PL Pub - Core
101709000004,,,No,,1,Yes,PL Pub - Core
185506100004,,,No,,1,Yes,PL Pub - Core
105441000004,,,Yes,,1,No,PL Pub - Core
111235100004,,,Yes,,1,Yes,PL Pub - Core
101253300004,,,No,,1,Yes,PL Pub - Core
180775200004,,,No,,1,No,PL Pub - Core
183701200004,,,Yes,,1,Yes,PL Pub - Core
184186000004,,,Yes,,1,Yes,PL Pub - Core
105498900004,,,No,,1,Yes,PL Pub - Core
104836500004,working men's club,everyday traditional,No,,1,Yes,PL Pub - Core
186476700004,,,No,,1,No,PL Pub - Core
100737100004,working men's club,everyday traditional,No,,1,Yes,PL Pub - Core
186222100004,,,No,,1,No,PL Pub - Core
105377900004,,,No,,1,Yes,PL Pub - Core
184046400005,rugby club,fine dining,No,,1,No,PL Pub - Core
186493400004,,,No,,1,No,PL Pub - Core
181289100004,,,No,,1,Yes,PL Pub - Core
185578500004,,,No,,1,Yes,PL Pub - Core
100759200004,,,No,,1,No,PL Pub - Core
183659500004,,,No,,1,Yes,PL Pub - Core
181173900025,local pub wet led,everyday traditional,Yes,,1,No,PL Pub - Core
181173900027,local pub wet led,everyday traditional,Yes,,1,No,PL Pub - Core
182414100004,rugby club,everyday traditional,No,,1,Yes,PL Pub - Core
105028900004,,,No,,1,Yes,PL Pub - Core
182271100004,,,No,,1,Yes,PL Pub - Core
182091400004,,,No,,1,No,PL Pub - Core
185497200004,local pub wet led,everyday traditional,Yes,,1,No,PL Pub - Core
181316600004,,,Yes,,1,Yes,PL Pub - Core
105979200004,,,Yes,,1,Yes,PL Pub - Core
180200100004,,,No,,1,No,PL Pub - Core
183498600004,,,Yes,,1,No,PL Pub - Core
103634700004,unknown,,No,,1,No,PL Pub - Core
105980300004,,,Yes,,1,No,PL Pub - Core
117259700004,,,No,,1,Yes,PL Pub - Core
125384900004,,,No,,1,Yes,PL Pub - Core
184407100004,,,Yes,,1,Yes,PL Pub - Core
109213600004,,,Yes,,1,Yes,PL Pub - Core
184086600004,,,No,,1,Yes,PL Pub - Core
185364200004,working men's club,everyday traditional,No,,1,Yes,PL Pub - Core
109214900004,unknown,,Yes,,1,Yes,PL Pub - Core
185769300004,,,No,,1,No,PL Pub - Core
184578300004,,,Yes,,1,No,PL Pub - Core
133537400004,,,No,,1,No,PL Pub - Core
117428300004,local pub wet led,everyday traditional,No,,1,Yes,PL Pub - Core
102439500004,hotel,everyday traditional,No,,1,No,PL Pub - Core
136293500004,local pub dry led,everyday traditional,No,,1,Yes,PL Pub - Core
141237600004,,,Yes,,1,Yes,PL Pub - Core
135493900004,gastro pub,bar and kitchen,Yes,,1,No,PL Pub - Core
100471600004,local pub wet led,everyday traditional,Yes,,1,No,PL Pub - Core
186219700004,,,No,,1,No,PL Pub - Core
135605700004,,,Yes,,1,Yes,PL Pub - Core
186359700004,,,No,,1,No,PL Pub - Core
182183200004,,,No,,1,No,PL Pub - Core
104209000004,local pub wet led,everyday traditional,No,,1,Yes,PL Pub - Core
114993000004,,,No,,1,No,PL Pub - Core
186296900004,,,No,,1,No,PL Pub - Core
183873300004,,,No,,1,No,PL Pub - Core
100172000004,,,Yes,,1,Yes,PL Pub - Core
101946100004,,,Yes,,1,Yes,PL Pub - Core
184106400004,,,Yes,,1,Yes,PL Pub - Core
101469900004,,,Yes,,1,Yes,PL Pub - Core
182800500058,,,No,,1,Yes,PL Pub - Core
182800500044,unknown,,Yes,,1,Yes,PL Pub - Core
185104700004,,,No,,1,No,PL Pub - Core
100694000004,other sports club,everyday traditional,No,,1,Yes,PL Pub - Core
103648900004,working men's club,everyday traditional,No,,1,Yes,PL Pub - Core
103857700004,hotel,bar and kitchen,No,,1,Yes,PL Pub - Core
102435800004,hotel,everyday traditional,No,,1,Yes,PL Pub - Core
100074800004,,,Yes,,1,No,PL Pub - Core
103185600004,,,Yes,,1,Yes,PL Pub - Core
134805000004,,,No,,1,Yes,PL Pub - Core
186124900004,,,No,,1,No,PL Pub - Core
103293800004,,,No,,1,No,PL Pub - Core
180735900004,local pub wet led,everyday traditional,Yes,,1,Yes,PL Pub - Core
184283300004,,,No,,1,No,PL Pub - Core
106000300004,,,No,,1,Yes,PL Pub - Core
185332000004,,,No,,1,Yes,PL Pub - Core
181533200004,,,No,,1,Yes,PL Pub - Core
103082300004,restaurant,everyday traditional,Yes,,1,Yes,PL Pub - Core
183107500004,,,Yes,,1,Yes,PL Pub - Core
186061400004,,,No,,1,No,PL Pub - Core
100592300004,,,No,,1,Yes,PL Pub - Upweighted
180792500004,,,No,,1,Yes,PL Pub - Core
102704500004,local pub dry led,everyday traditional,No,,1,Yes,PL Pub - Core
105881900004,,,No,,1,Yes,PL Pub - Core
180976500004,,,No,,1,Yes,PL Pub - Core
100563000004,local pub wet led,fine dining,No,,1,No,PL Pub - Core
182440700004,,,No,,1,Yes,PL Pub - Core
186360200004,,,No,,1,No,PL Pub - Core
184027600004,local pub wet led,bar and kitchen,No,,1,Yes,PL Pub - Core
142050900004,,,No,,1,Yes,PL Pub - Core
101073200004,local pub dry led,bar and kitchen,No,,1,Yes,PL Pub - Core
134478200004,,,No,,1,Yes,PL Pub - Core
123563900004,local pub wet led,everyday traditional,No,,1,Yes,PL Pub - Core
135745200004,,,No,,1,Yes,PL Pub - Core
101552600004,local pub dry led,bar and kitchen,No,,1,Yes,PL Pub - Core
101833800004,,,No,,1,Yes,PL Pub - Core
104711900004,,,No,,1,Yes,PL Pub - Core
103541700004,local pub wet led,everyday traditional,Yes,,1,Yes,PL Pub - Core
102535400004,,,Yes,,1,Yes,PL Pub - Core
111284000004,hotel,everyday traditional,No,,1,Yes,PL Pub - Core
103317400004,,,No,,1,No,PL Pub - Core
100381300004,,,No,,1,Yes,PL Pub - Core
183991700004,,,Yes,,1,Yes,PL Pub - Core
185819300004,,,No,,1,No,PL Pub - Core
186188600004,,,No,,1,No,PL Pub - Core
185170500004,,,Yes,,1,Yes,PL Pub - Core
183478400012,,,Yes,,1,Yes,PL Pub - Core
182800500059,,,Yes,,1,Yes,PL Pub - Core
100769800004,other sports club,everyday traditional,No,,1,Yes,PL Pub - Core
183490400004,,,Yes,,1,Yes,PL Pub - Core
184322300004,hotel,everyday traditional,Yes,,1,Yes,PL Pub - Core
182800500051,,,No,,1,No,PL Pub - Core
103169700004,working men's club,everyday traditional,No,,1,Yes,PL Pub - Core
182136400004,,,Yes,,1,No,PL Pub - Core
182389000004,,,No,,1,No,PL Pub - Core
182960400004,,,Yes,,1,No,PL Pub - Core
182647900004,,,No,,1,No,PL Pub - Core
185932400004,,,No,,1,Yes,PL Pub - Core
185142400004,,,Yes,,1,Yes,PL Pub - Core
180581000004,working men's club,bar and kitchen,No,,1,Yes,PL Pub - Core
185192400004,gastro pub,bar and kitchen,Yes,,1,No,PL Pub - Core
137245200004,,,Yes,,1,Yes,PL Pub - Core
105633200004,working men's club,everyday traditional,No,,1,Yes,PL Pub - Core
184697000004,local pub wet led,everyday traditional,Yes,,1,Yes,PL Pub - Core
100096500004,unknown,,No,,1,Yes,PL Pub - Core
100123200004,working men's club,bar snacks,No,,1,No,PL Pub - Core
185765100004,unknown,,Yes,,1,Yes,PL Pub - Core
104821100004,,,No,,1,Yes,PL Pub - Core
126627900004,,,No,,1,No,PL Pub - Core
109020000004,hotel,everyday traditional,No,,1,Yes,PL Pub - Core
103854000004,,,No,,1,Yes,PL Pub - Core
184712100004,,,No,,1,No,PL Pub - Core
182746800004,local pub wet led,everyday traditional,Yes,,1,Yes,PL Pub - Core
102659400004,,,No,,1,Yes,PL Pub - Core
185544900004,,,No,,1,Yes,PL Pub - Core
137676600004,,,No,,1,Yes,PL Pub - Core
103046600004,,,No,,1,Yes,PL Pub - Core
104365900004,,,Yes,,1,Yes,PL Pub - Core
101980400004,,,No,,1,Yes,PL Pub - Core
183822900004,,,No,,1,Yes,PL Pub - Core
138993300004,,,No,,1,Yes,PL Pub - Core
104722200004,,,Yes,,1,Yes,PL Pub - Core
181173500004,,,No,,1,Yes,PL Pub - Upweighted
125464900004,,,No,,1,Yes,PL Pub - Core
182916800004,,,No,,1,Yes,PL Pub - Core
103263800004,working men's club,everyday traditional,No,,1,Yes,PL Pub - Core
100120100004,,,No,,1,Yes,PL Pub - Core
186230000004,,,No,,1,No,PL Pub - Core
186256100004,,,No,,1,No,PL Pub - Core
102949900004,,,No,,1,Yes,PL Pub - Core
185509300004,other sports club,everyday traditional,No,,1,Yes,PL Pub - Core
181184300020,local pub wet led,everyday traditional,No,,1,Yes,PL Pub - Core
181184300052,local pub wet led,everyday traditional,No,,1,Yes,PL Pub - Core
182293000004,,,No,,1,Yes,PL Pub - Core
103255400004,,,No,,1,No,PL Pub - Core
103299800004,,,No,,1,Yes,PL Pub - Core
186231900004,,,No,,1,No,PL Pub - Core
100503500004,,,No,,1,Yes,PL Pub - Core
102842700004,,,No,,1,Yes,PL Pub - Core
101117800004,,,No,,1,No,PL Pub - Core
101234100004,,,No,,1,No,PL Pub - Core
105321500004,,,No,,1,No,PL Pub - Core
185381500004,,,No,,1,Yes,PL Pub - Core
133205100004,,,No,,1,No,PL Pub - Core
186637000004,,,No,,1,No,PL Pub - Upweighted
181408400004,,,No,,1,No,PL Pub - Core
180194200004,gastro pub,bar and kitchen,Yes,,1,Yes,PL Pub - Core
184817200004,,,No,,1,Yes,PL Pub - Core
180922400004,,,Yes,,1,No,PL Pub - Core
182024700004,,,No,,1,No,PL Pub - Core
180905900004,,,No,,1,Yes,PL Pub - Core
104657700004,,,No,,1,Yes,PL Pub - Core
185849100004,,,No,,1,Yes,PL Pub - Core
183149000004,,,No,,1,No,PL Pub - Core
140960100004,,,No,,1,Yes,PL Pub - Core
184160100004,,,No,,1,No,PL Pub - Core
184586800004,,,No,,1,Yes,PL Pub - Core
180782500004,hotel,everyday traditional,No,,1,No,PL Pub - Core
185779600004,,,Yes,,1,Yes,PL Pub - Core
181521500004,,,Yes,,1,Yes,PL Pub - Upweighted
104690100004,hotel,everyday traditional,No,,1,Yes,PL Pub - Core
180777600004,,,Yes,,1,Yes,PL Pub - Core
140200200004,,,Yes,,1,Yes,PL Pub - Core
106867000004,,,No,,1,No,PL Pub - Core
101334000004,,,Yes,,1,Yes,PL Pub - Core
186223600004,,,No,,1,No,PL Pub - Core
134322600004,unknown,everyday traditional,No,,1,Yes,PL Pub - Core
183745700004,,,No,,1,Yes,PL Pub - Core
101260700004,,,No,,1,Yes,PL Pub - Core
102801000004,,,Yes,,1,Yes,PL Pub - Core
105668500004,,,No,,1,No,PL Pub - Core
181457100004,,,No,,1,No,PL Pub - Core
136830800004,,,No,,1,Yes,PL Pub - Core
180775300004,,,No,,1,Yes,PL Pub - Core
181535200004,,,No,,1,Yes,PL Pub - Core
180787800004,,,No,,1,Yes,PL Pub - Core
185826700004,,,No,,1,Yes,PL Pub - Core
180184400004,,,No,,1,No,PL Pub - Core
137625500004,hotel,everyday traditional,Yes,,1,Yes,PL Pub - Core
138263800004,,,No,,1,No,PL Pub - Upweighted
102444900004,,,No,,1,Yes,PL Pub - Core
103701700004,,,No,,1,Yes,PL Pub - Core
142358300004,,,No,,1,No,PL Pub - Core
186069500004,,,No,,1,No,PL Pub - Upweighted
186169000004,,,No,,1,No,PL Pub - Core
180878900004,,,No,,1,Yes,PL Pub - Core
182606100004,,,Yes,,1,No,PL Pub - Core
185763300004,,,Yes,,1,Yes,PL Pub - Core
100368600004,,,No,,1,Yes,PL Pub - Core
101457200004,hotel,everyday traditional,No,,1,Yes,PL Pub - Core
134629000004,,,Yes,,1,Yes,PL Pub - Core
181965000004,,,Yes,,1,Yes,PL Pub - Core
103596100004,,,No,,1,No,PL Pub - Core
115160300004,,,No,,1,Yes,PL Pub - Core
103967300004,,,Yes,,1,Yes,PL Pub - Core
180930200004,high street bar,everyday traditional,Yes,,1,Yes,PL Pub - Core
102055200004,,,Yes,,1,Yes,PL Pub - Core
185235200004,,,No,,1,No,PL Pub - Core
105817000004,,,Yes,,1,Yes,PL Pub - Core
101693200004,,,No,,1,Yes,PL Pub - Core
180344600004,,,Yes,,1,No,PL Pub - Core
102098700004,,,Yes,,1,Yes,PL Pub - Core
180749100004,,,Yes,,1,Yes,PL Pub - Core
185985700004,,,No,,1,No,PL Pub - Core
100809100004,local pub dry led,bar and kitchen,Yes,,1,Yes,PL Pub - Core
102432600004,local pub wet led,everyday traditional,Yes,,1,Yes,PL Pub - Core
186292200004,,,No,,1,No,PL Pub - Core
101236900004,,,No,,1,No,PL Pub - Core
180447600004,,,Yes,,1,No,PL Pub - Core
103131100004,,,Yes,,1,Yes,PL Pub - Core
180844900004,,,No,,1,Yes,PL Pub - Core
115624300004,hotel,everyday traditional,No,,1,Yes,PL Pub - Core
184401100004,,,Yes,,1,Yes,PL Pub - Core
186060300004,,,No,,1,No,PL Pub - Core
182733400004,local pub wet led,bar and kitchen,No,,1,Yes,PL Pub - Core
185925800004,,,Yes,,1,Yes,PL Pub - Core
105584000004,gastro pub,bar and kitchen,Yes,,1,Yes,PL Pub - Core
186427800004,,,No,,1,No,PL Pub - Core
182796300004,,,Yes,,1,Yes,PL Pub - Core
100015300024,local pub wet led,everyday traditional,Yes,,1,Yes,PL Pub - Gold
182800500014,,,Yes,,1,Yes,PL Pub - Core
182800500080,,,No,,1,No,PL Pub - Core
182800500042,unknown,,Yes,,1,No,PL Pub - Core
104234900004,,,No,,1,Yes,PL Pub - Core
180982900004,local pub wet led,bar and kitchen,Yes,,1,Yes,PL Pub - Core
103742100004,,,Yes,,1,Yes,PL Pub - Core
185059000004,,,Yes,,1,Yes,PL Pub - Core
100103700004,,,No,,1,Yes,PL Pub - Core
182686000004,high street bar,everyday traditional,Yes,,1,Yes,PL Pub - Core
186356200004,,,No,,1,No,PL Pub - Core
183508300004,unknown,,Yes,,1,Yes,PL Pub - Core
180101900004,,,Yes,,1,Yes,PL Pub - Core
181184300006,local pub wet led,everyday traditional,Yes,,1,Yes,PL Pub - Core
100969300004,,,No,,1,No,PL Pub - Core
181184300024,local pub wet led,everyday traditional,Yes,,1,Yes,PL Pub - Core
183190700004,working men's club,everyday traditional,No,,1,Yes,PL Pub - Core
185595900004,,,Yes,,1,Yes,PL Pub - Upweighted
184257900004,,,No,,1,No,PL Pub - Core
184179200004,,,Yes,,1,No,PL Pub - Core
101827300004,,,Yes,,1,Yes,PL Pub - Core
183983500004,,,No,,1,Yes,PL Pub - Upweighted
103659400004,,,No,,1,Yes,PL Pub - Core
102443700004,,,No,,1,Yes,PL Pub - Core
184724200004,,,No,,1,Yes,PL Pub - Core
182800500043,,,No,,1,No,PL Pub - Core
142443400004,,,No,,1,Yes,PL Pub - Core
186211500004,,,No,,1,No,PL Pub - Core
101132500004,,,No,,1,Yes,PL Pub - Core
110790800004,,,No,,1,Yes,PL Pub - Core
184541300004,other venue,everyday traditional,No,,1,Yes,PL Pub - Core
181332900004,other sports club,everyday traditional,No,,1,Yes,PL Pub - Core
105640300004,,,No,,1,Yes,PL Pub - Core
105317200004,,,No,,1,Yes,PL Pub - Core
104389100004,hotel,bar snacks,No,,1,No,PL Pub - Core
103046400004,,,No,,1,Yes,PL Pub - Core
102500300004,,,No,,1,No,PL Pub - Core
100171400004,,,No,,1,Yes,PL Pub - Core
105998100004,,,No,,1,Yes,PL Pub - Core
185998300004,,,Yes,,1,Yes,PL Pub - Core
122073800004,local pub wet led,everyday traditional,No,,1,Yes,PL Pub - Core
185257300004,,,No,,1,Yes,PL Pub - Core
100331300004,cricket club,everyday traditional,No,,1,No,PL Pub - Upweighted
186009600004,,,No,,1,No,PL Pub - Core
100136400004,,,No,,1,No,PL Pub - Core
182353600004,,,No,,1,No,PL Pub - Core
185941400004,,,No,,1,No,PL Pub - Core
185464000004,,,Yes,,1,No,PL Pub - Core
184392900004,,,Yes,,1,Yes,PL Pub - Core
186310700004,,,No,,1,No,PL Pub - Core
104333200004,unknown,,Yes,,1,Yes,PL Pub - Gold
104446600004,,,No,,1,Yes,PL Pub - Upweighted
104170100004,,,No,,1,No,PL Pub - Core
105934600004,,,Yes,,1,Yes,PL Pub - Core
141122100004,,,Yes,,1,Yes,PL Pub - Core
100134400004,unknown,bar and kitchen,Yes,,1,Yes,PL Pub - Core
180430900004,,,Yes,,1,Yes,PL Pub - Core
101836100004,,,Yes,,1,Yes,PL Pub - Core
186529300004,,,No,,1,No,PL Pub - Upweighted
105814600004,hotel,bar and kitchen,No,,1,No,PL Pub - Core
186120100004,,,No,,1,No,PL Pub - Upweighted
133735200004,hotel,bar snacks,Yes,,1,Yes,PL Pub - Core
100068600004,,,No,,1,Yes,PL Pub - Core
101406700004,,,No,,1,No,PL Pub - Core
122473200004,local pub dry led,fine dining,No,,1,Yes,PL Pub - Core
182800500062,hotel,everyday traditional,Yes,,1,Yes,PL Pub - Core
105451400004,,,Yes,,1,Yes,PL Pub - Core
100825700004,hotel,everyday traditional,Yes,,1,Yes,PL Pub - Core
135928500004,,,No,,1,No,PL Pub - Core
182093600004,unknown,everyday traditional,No,,1,Yes,PL Pub - Core
185865500004,,,Yes,,1,Yes,PL Pub - Core
103198200004,high street bar,everyday traditional,Yes,,1,Yes,PL Pub - Core
127117800004,,,No,,1,No,PL Pub - Core
103644400004,gastro pub,everyday traditional,Yes,,1,Yes,PL Pub - Upweighted
102898400004,local pub wet led,everyday traditional,Yes,,1,No,PL Pub - Core
181402300004,,,No,,1,Yes,PL Pub - Core
182800500070,,,No,,1,No,PL Pub - Core
185877300004,,,Yes,,1,No,PL Pub - Core
185420500004,,,No,,1,No,PL Pub - Core
123713200004,,,Yes,,1,Yes,PL Pub - Core
102636100004,,,No,,1,Yes,PL Pub - Core
181413600004,,,No,,1,Yes,PL Pub - Core
185911800004,local pub wet led,everyday traditional,No,,1,Yes,PL Pub - Core
133891200004,,,No,,1,Yes,PL Pub - Core
105319700004,,,No,,1,Yes,PL Pub - Core
180308400004,,,No,,1,Yes,PL Pub - Core
180308400004,,,No,,1,Yes,PL Pub - Core
100389900004,,,No,,1,No,PL Pub - Core
181293300004,,,No,,1,No,PL Pub - Core
139227300004,,,No,,1,Yes,PL Pub - Core
100116600004,,,No,,1,No,PL Pub - Core
182321700004,upmarket bar,everyday traditional,No,,1,No,PL Pub - Core
101245600004,,,No,,1,Yes,PL Pub - Core
184661900004,,,No,,1,Yes,PL Pub - Core
104853700004,,,No,,1,Yes,PL Pub - Core
105727900004,,,No,,1,Yes,PL Pub - Core
102808400004,,,No,,1,Yes,PL Pub - Core
102456000004,,,No,,1,Yes,PL Pub - Core
140154400004,,,No,,1,Yes,PL Pub - Core
184711800004,golf club,everyday traditional,No,,1,Yes,PL Pub - Core
105052900004,,,No,,1,Yes,PL Pub - Core
102441200004,,,No,,1,Yes,PL Pub - Core
101461800004,,,No,,1,No,PL Pub - Core
101280800004,,,No,,1,Yes,PL Pub - Core
185874900004,golf club,everyday traditional,No,,1,No,PL Pub - Core
105983400004,,,No,,1,Yes,PL Pub - Core
100102300004,,,No,,1,Yes,PL Pub - Core
100527500004,,,No,,1,Yes,PL Pub - Core
103364100004,,,No,,1,Yes,PL Pub - Core
100683100004,,,No,,1,Yes,PL Pub - Core
130189600004,,,No,,1,Yes,PL Pub - Core
184053700004,,,Yes,,1,Yes,PL Pub - Core
104865500004,golf club,bar snacks,No,,1,Yes,PL Pub - Core
102681800004,,,No,,1,No,PL Pub - Core
122701800004,,,No,,1,No,PL Pub - Core
104240400004,,,Yes,,1,Yes,PL Pub - Core
100101400004,,,No,,1,No,PL Pub - Core
126354700004,,,No,,1,No,PL Pub - Core
181184300045,local pub wet led,everyday traditional,Yes,,1,No,PL Pub - Core
103673400004,,,No,,1,Yes,PL Pub - Core
104156100004,,,No,,1,Yes,PL Pub - Core
182201300004,,,No,,1,Yes,PL Pub - Core
101266300004,,,No,,1,Yes,PL Pub - Core
186059700004,,,No,,1,No,PL Pub - Core
100632800004,,,No,,1,Yes,PL Pub - Core
182094500004,,,No,,1,Yes,PL Pub - Core
184262600004,,,Yes,,1,Yes,PL Pub - Core
105371500004,,,No,,1,Yes,PL Pub - Core
185888800004,,,No,,1,No,PL Pub - Core
101821900004,,,No,,1,Yes,PL Pub - Core
104277400004,other venue,everyday traditional,No,,1,Yes,PL Pub - Core
101851200004,working men's club,everyday traditional,No,,1,Yes,PL Pub - Core
102494400004,,,No,,1,Yes,PL Pub - Core
182800500055,unknown,,Yes,,1,Yes,PL Pub - Core
103328300004,,,No,,1,No,PL Pub - Core
110962700004,,,Yes,,1,No,PL Pub - Core
104842000004,,,No,,1,Yes,PL Pub - Core
183938900004,,,No,,1,Yes,PL Pub - Core
139998900004,,,No,,1,Yes,PL Pub - Core
186235000004,,,No,,1,No,PL Pub - Core
102652600004,,,No,,1,Yes,PL Pub - Core
183482600004,,,No,,1,Yes,PL Pub - Core
185974000004,,,No,,1,Yes,PL Pub - Core
100538200004,,,No,,1,No,PL Pub - Core
184244900004,,,Yes,,1,Yes,PL Pub - Core
183058800004,unknown,,Yes,,1,No,PL Pub - Core
183905100004,,,Yes,,1,Yes,PL Pub - Core
184024500004,,,No,,1,Yes,PL Pub - Core
185799200004,local pub wet led,,Yes,,1,No,PL Pub - Core
184212000004,unknown,,Yes,,1,No,PL Pub - Core
186543100004,,,No,,1,No,PL Pub - Core
186542000004,,,No,,1,No,PL Pub - Core
100323900004,,,No,,1,No,PL Pub - Core
102301200004,,,No,,1,No,PL Pub - Core
105962600004,,,No,,1,No,PL Pub - Core
183478400020,,,Yes,,1,No,PL Pub - Core
185201800004,,,No,,1,No,PL Pub - Core
104242900004,,,No,,1,No,PL Pub - Core
183050100004,,,No,,1,Yes,PL Pub - Core
183806900004,restaurant,everyday traditional,No,,1,Yes,PL Pub - Core
183478400011,,,Yes,,1,No,PL Pub - Core
104198600004,,,No,,1,Yes,PL Pub - Core
183478400019,restaurant,everyday traditional,Yes,,1,No,PL Pub - Core
100313800004,cricket club,everyday traditional,No,,1,Yes,PL Pub - Core
105561300004,,,No,,1,Yes,PL Pub - Core
181184300057,local pub wet led,everyday traditional,No,,1,No,PL Pub - Core
186583600004,,,No,,1,No,PL Pub - Core
180829300004,,,Yes,,1,Yes,PL Pub - Core
185182100004,,,No,,1,Yes,PL Pub - Core
100026900407,,,No,,1,No,PL Pub - Core
103022200004,unknown,,Yes,,1,Yes,PL Pub - Core
186262200004,,,No,,1,No,PL Pub - Core
103745400004,,,No,,1,Yes,PL Pub - Core
180546800004,,,No,,1,No,PL Pub - Core
183478400032,,,No,,1,Yes,PL Pub - Core
102457700004,,,No,,1,Yes,PL Pub - Core
180344900004,,,Yes,,1,Yes,PL Pub - Core
184812100004,,,Yes,,1,Yes,PL Pub - Core
100207900004,,,Yes,,1,Yes,PL Pub - Core
184250600004,,,Yes,,1,No,PL Pub - Core
104937400004,,,Yes,,1,Yes,PL Pub - Core
184552000004,,,Yes,,1,Yes,PL Pub - Core
185587900004,,,No,,1,Yes,PL Pub - Core
182318000004,,,Yes,,1,Yes,PL Pub - Core
104118600004,,,No,,1,No,PL Pub - Core
186386800004,,,No,,1,No,PL Pub - Upweighted
130761800004,,,Yes,,1,Yes,PL Pub - Core
184360100004,,,No,,1,Yes,PL Pub - Core
184280800004,,,No,,1,Yes,PL Pub - Core
184646600004,high street bar,everyday traditional,No,,1,Yes,PL Pub - Core
186436900004,,,No,,1,No,PL Pub - Core
181428900004,,,No,,1,No,PL Pub - Core
182925400004,,,No,,1,No,PL Pub - Core
104391800004,,,No,,1,No,PL Pub - Core
110337700004,local pub wet led,everyday traditional,No,,1,Yes,PL Pub - Core
181184300054,local pub wet led,everyday traditional,Yes,,1,Yes,PL Pub - Core
110645300004,working men's club,everyday traditional,No,,1,Yes,PL Pub - Core
103695900004,,,No,,1,No,PL Pub - Core
186118400004,,,No,,1,No,PL Pub - Core
103309000004,,,Yes,,1,Yes,PL Pub - Upweighted
104841200004,,,Yes,,1,Yes,PL Pub - Core
102705100004,local pub wet led,everyday traditional,Yes,,1,Yes,PL Pub - Core
180901300004,,,No,,1,Yes,PL Pub - Core
182596500004,,,Yes,,1,Yes,PL Pub - Core
103709200004,,,No,,1,No,PL Pub - Core
184049900004,,,No,,1,Yes,PL Pub - Core
180813500004,,,No,,1,Yes,PL Pub - Upweighted
105244200004,,,No,,1,Yes,PL Pub - Core
183039900004,local pub wet led,everyday traditional,Yes,,1,Yes,PL Pub - Upweighted
180857800004,,,No,,1,No,PL Pub - Core
131023300004,local pub wet led,everyday traditional,Yes,,1,Yes,PL Pub - Core
101657800004,gastro pub,bar and kitchen,No,,1,Yes,PL Pub - Core
182417400004,local pub wet led,everyday traditional,Yes,,1,Yes,PL Pub - Core
185419900004,,,No,,1,No,PL Pub - Upweighted
183625300004,unknown,,No,,1,No,PL Pub - Upweighted
100748200004,,,Yes,,1,Yes,PL Pub - Core
101195000004,,,No,,1,Yes,PL Pub - Core
102938200004,unknown,,Yes,,1,No,PL Pub - Core
100740900004,working men's club,fine dining,No,,1,Yes,PL Pub - Core
180919200004,,,No,,1,No,PL Pub - Core
104736200004,,,No,,1,No,PL Pub - Core
182620600004,,,No,,1,Yes,PL Pub - Core
101781700004,,,No,,1,No,PL Pub - Core
104973000004,,,No,,1,No,PL Pub - Core
182453400004,local pub wet led,bar and kitchen,Yes,,1,Yes,PL Pub - Core
101956200004,,,Yes,,1,Yes,PL Pub - Core
100899700004,,,No,,1,Yes,PL Pub - Core
183203900004,,,No,,1,No,PL Pub - Core
105393000004,other sports club,fine dining,Yes,,1,No,PL Pub - Core
180151500004,,,No,,1,Yes,PL Pub - Core
102303700004,,,No,,1,Yes,PL Pub - Core
184028800004,hotel,everyday traditional,Yes,,1,Yes,PL Pub - Core
182176200004,gastro pub,bar and kitchen,No,,1,No,PL Pub - Core
183915700004,,,No,,1,Yes,PL Pub - Core
105999000004,,,No,,1,No,PL Pub - Core
104138000004,,,No,,1,No,PL Pub - Core
184075400013,,,No,,1,Yes,PL Pub - Core
119140300004,local pub wet led,bar and kitchen,No,,1,Yes,PL Pub - Core
184167600004,hotel,bar and kitchen,Yes,,1,No,PL Pub - Core
133260800004,,,Yes,,1,No,PL Pub - Core
185193100004,,,Yes,,1,Yes,PL Pub - Core
112092900004,,,Yes,,1,Yes,PL Pub - Core
101780200004,,,Yes,,1,Yes,PL Pub - Core
183174500004,,,Yes,,1,No,PL Pub - Core
185360500004,,,Yes,,1,Yes,PL Pub - Core
100545700004,local pub wet led,everyday traditional,No,,1,Yes,PL Pub - Core
182893900004,,,No,,1,Yes,PL Pub - Core
186448200004,,,No,,1,No,PL Pub - Core
142708000004,,,No,,1,No,PL Pub - Core
185075100004,,,No,,1,No,PL Pub - Core
100758800004,,,Yes,,1,Yes,PL Pub - Core
186139600004,,,No,,1,No,PL Pub - Core
185354900004,local pub wet led,everyday traditional,Yes,,1,Yes,PL Pub - Core
134117800004,,,No,,1,No,PL Pub - Core
181263000004,,,No,,1,Yes,PL Pub - Core
137193800004,,,No,,1,Yes,PL Pub - Core
103621600004,,,No,,1,Yes,PL Pub - Core
100184000004,local pub dry led,everyday traditional,No,,1,Yes,PL Pub - Core
103205600004,,,Yes,,1,Yes,PL Pub - Core
100669400004,unknown,,Yes,,1,Yes,PL Pub - Core
186176200004,,,No,,1,No,PL Pub - Core
186019700004,,,No,,1,Yes,PL Pub - Core
104956100004,,,No,,1,Yes,PL Pub - Core
186567900004,,,No,,1,No,PL Pub - Core
180748800004,,,Yes,,1,Yes,PL Pub - Core
103461600004,,,No,,1,No,PL Pub - Core
186247000004,,,No,,1,No,PL Pub - Core
101836500004,,,No,,1,No,PL Pub - Upweighted
138235100004,hotel,everyday traditional,No,,1,Yes,PL Pub - Core
141214900004,,,No,,1,No,PL Pub - Core
104261000004,other venue,,Yes,,1,Yes,PL Pub - Core
103000100004,,,No,,1,Yes,PL Pub - Upweighted
104237900004,working men's club,fine dining,No,,1,Yes,PL Pub - Core
180941600004,other venue,bar and kitchen,No,,1,Yes,PL Pub - Core
134581100004,local pub wet led,fine dining,Yes,,1,Yes,PL Pub - Upweighted
100483900004,,,No,,1,Yes,PL Pub - Core
101963700004,,,No,,1,Yes,PL Pub - Core
102637500004,,,No,,1,No,PL Pub - Core
184023200004,,,No,,1,No,PL Pub - Core
186320100004,,,No,,1,No,PL Pub - Core
105435400004,,,No,,1,Yes,PL Pub - Core
101158700004,,,No,,1,Yes,PL Pub - Core
186133800004,,,No,,1,No,PL Pub - Core
184158600004,,,No,,1,Yes,PL Pub - Core
142215800004,hotel,everyday traditional,Yes,,1,Yes,PL Pub - Core
186367400525,,,No,,1,No,PL Pub - Gold
100802400004,,,No,,1,No,PL Pub - Core
186384600004,,,No,,1,No,PL Pub - Core
100010800024,local pub wet led,everyday traditional,Yes,,1,Yes,PL Pub - Core
105398500004,,,Yes,,1,Yes,PL Pub - Core
184177000004,local pub dry led,everyday traditional,Yes,,1,Yes,PL Pub - Core
185373500004,,,Yes,,1,Yes,PL Pub - Core
103789200004,local pub wet led,everyday traditional,Yes,,1,Yes,PL Pub - Core
183550700004,local pub wet led,everyday traditional,Yes,,1,No,PL Pub - Core
180957400050,,,No,,1,No,PL Pub - Core
127926600004,,,No,,1,No,PL Pub - Core
184311300004,,,No,,1,Yes,PL Pub - Core
184282400004,,,No,,1,Yes,PL Pub - Core
135510600004,,,No,,1,Yes,PL Pub - Core
186539100004,,,No,,1,No,PL Pub - Core
105442300004,,,No,,1,No,PL Pub - Core
100729900004,,,No,,1,Yes,PL Pub - Core
185982100004,,,No,,1,No,PL Pub - Core
101265000004,,,No,,1,No,PL Pub - Core
135120300004,,,Yes,,1,Yes,PL Pub - Core
184354000004,,,Yes,,1,Yes,PL Pub - Core
105318000004,,,No,,1,No,PL Pub - Core
103197400004,,,No,,1,No,PL Pub - Core
184325000004,,,Yes,,1,Yes,PL Pub - Core
101945400004,,,No,,1,Yes,PL Pub - Core
104960100004,,,Yes,,1,Yes,PL Pub - Core
102124600004,,,Yes,,1,Yes,PL Pub - Core
184546200004,gastro pub,bar and kitchen,Yes,,1,Yes,PL Pub - Core
186207600004,,,No,,1,No,PL Pub - Core
182083300004,local pub wet led,everyday traditional,Yes,,1,Yes,PL Pub - Core
183954100004,gastro pub,fine dining,Yes,,1,Yes,PL Pub - Core
186081900004,,,No,,1,No,PL Pub - Core
183147400004,gastro pub,bar and kitchen,Yes,,1,Yes,PL Pub - Core
186409600004,,,No,,1,No,PL Pub - Core
141129100004,,,No,,1,No,PL Pub - Gold
105995700004,high street bar,everyday traditional,No,,1,Yes,PL Pub - Core
126581500004,,,Yes,,1,Yes,PL Pub - Core
181920600004,,,No,,1,Yes,PL Pub - Core
118597000004,,,No,,1,Yes,PL Pub - Core
102850800004,,,No,,1,Yes,PL Pub - Core
182600500004,local pub wet led,everyday traditional,Yes,,1,No,PL Pub - Core
102439900004,,,No,,1,Yes,PL Pub - Core
103834200004,,,No,,1,Yes,PL Pub - Core
182110900004,,,No,,1,No,PL Pub - Core
182821400004,,,No,,1,Yes,PL Pub - Core
103057300004,,,No,,1,No,PL Pub - Core
185045600004,,,No,,1,No,PL Pub - Gold
100591400004,,,Yes,,1,No,PL Pub - Core
127963800004,hotel,everyday traditional,No,,1,No,PL Pub - Core
118591700004,,,No,,1,No,PL Pub - Core
182674600004,,,No,,1,Yes,PL Pub - Core
137137100004,local pub dry led,everyday traditional,No,,1,No,PL Pub - Core
103174500004,golf club,everyday traditional,No,,1,Yes,PL Pub - Core
186367300318,,,No,,1,No,PL Pub - Gold
100046900015,gastro pub,bar and kitchen,Yes,,1,Yes,PL Pub - Core
105574400004,,,No,,1,Yes,PL Pub - Core
102375500004,local pub wet led,everyday traditional,Yes,,1,Yes,PL Pub - Core
100969800004,,,Yes,,1,Yes,PL Pub - Core
100778300004,,,No,,1,Yes,PL Pub - Core
134341300004,,,No,,1,Yes,PL Pub - Core
104492100004,,,No,,1,Yes,PL Pub - Core
183914400004,,,No,,1,No,PL Pub - Core
180867600004,,,Yes,,1,Yes,PL Pub - Core
183204400004,local pub wet led,bar and kitchen,Yes,,1,Yes,PL Pub - Core
100557200004,,,Yes,,1,Yes,PL Pub - Core
184545900004,,,No,,1,Yes,PL Pub - Core
185828700004,,,No,,1,No,PL Pub - Core
183941000004,,,Yes,,1,Yes,PL Pub - Core
101351700004,,,No,,1,Yes,PL Pub - Core
136695300004,,,No,,1,No,PL Pub - Core
185993000004,,,No,,1,No,PL Pub - Core
140029900004,,,Yes,,1,Yes,PL Pub - Core
